[{"model": "product.categoryproduct", "pk": 1, "fields": {"title": "electronic equipment", "parent": null, "favourite": false}}, {"model": "product.categoryproduct", "pk": 2, "fields": {"title": "computers", "parent": 1, "favourite": true}}, {"model": "product.categoryproduct", "pk": 3, "fields": {"title": "laptops", "parent": 1, "favourite": false}}, {"model": "product.categoryproduct", "pk": 7, "fields": {"title": "accessories", "parent": null, "favourite": false}}, {"model": "product.categoryproduct", "pk": 8, "fields": {"title": "headphones", "parent": 7, "favourite": false}}, {"model": "product.categoryproduct", "pk": 9, "fields": {"title": "watches", "parent": 7, "favourite": false}}, {"model": "product.categoryproduct", "pk": 10, "fields": {"title": "phones", "parent": 1, "favourite": false}}, {"model": "product.categoryproduct", "pk": 11, "fields": {"title": "tablets", "parent": 1, "favourite": false}}, {"model": "product.categoryproduct", "pk": 12, "fields": {"title": "consoles", "parent": 1, "favourite": false}}, {"model": "product.categoryproduct", "pk": 13, "fields": {"title": "tv", "parent": 1, "favourite": false}}, {"model": "product.categoryimage", "pk": 1, "fields": {"category": 1, "src": "categories/category_1/comp_lapt.jpeg"}}, {"model": "product.categoryimage", "pk": 2, "fields": {"category": 2, "src": "categories/category_1/subcategory_2/pc1.jpeg"}}, {"model": "product.categoryimage", "pk": 3, "fields": {"category": 3, "src": "categories/category_1/subcategory_3/laptop.png"}}, {"model": "product.categoryimage", "pk": 7, "fields": {"category": 7, "src": "categories/category_7/accs.jpeg"}}, {"model": "product.categoryimage", "pk": 8, "fields": {"category": 8, "src": "categories/category_7/subcategory_8/headphones.png"}}, {"model": "product.categoryimage", "pk": 9, "fields": {"category": 9, "src": "categories/category_7/subcategory_9/watchs.png"}}, {"model": "product.categoryimage", "pk": 10, "fields": {"category": 10, "src": "categories/category_1/subcategory_10/phones.png"}}, {"model": "product.categoryimage", "pk": 11, "fields": {"category": 11, "src": "categories/category_1/subcategory_11/tablet.png"}}, {"model": "product.categoryimage", "pk": 12, "fields": {"category": 12, "src": "categories/category_1/subcategory_12/ps5.webp"}}, {"model": "product.categoryimage", "pk": 13, "fields": {"category": 13, "src": "categories/category_1/subcategory_13/tv.png"}}, {"model": "product.product", "pk": 1, "fields": {"title": "iPhone 13", "description": "Смартфон Apple iPhone 13 128 ГБ зеленый", "price": "111.25", "count": 5, "rating": "5.00", "date": "2024-05-31T17:20:38.648Z", "archived": false, "freeDelivery": true, "limited_edition": false, "fullDescription": "Дата выпуска: сентябрь 2021 года.\r\nОсобенности: A15 Bionic чип, улучшенная двойная камера, более яркий дисплей Super Retina XDR, дольше работающий аккумулятор по сравнению с предыдущими моделями, поддержка 5G.", "category": 10, "sale_status": false}}, {"model": "product.product", "pk": 2, "fields": {"title": "iPhone 14", "description": "Смартфон Apple iPhone 14 128Gb purple", "price": "149.90", "count": 5, "rating": "0.00", "date": "2024-05-31T17:22:00.150Z", "archived": false, "freeDelivery": true, "limited_edition": false, "fullDescription": "Дата выпуска: сентябрь 2022 года.\r\nОсобенности: Предполагается улучшение процессора, камеры и других технологий по сравнению с iPhone 13, включая новые функции безопасности и возможно новый дизайн.", "category": 10, "sale_status": false}}, {"model": "product.product", "pk": 3, "fields": {"title": "iPhone 15", "description": "Смартфон Apple iPhone 15 128Gb 2 nano-sim Green", "price": "211.90", "count": 5, "rating": "0.00", "date": "2024-05-31T17:22:18.515Z", "archived": false, "freeDelivery": true, "limited_edition": false, "fullDescription": "Дата выпуска: сентябрь 2023 года.\r\nОсобенности: На момент моего последнего обновления информации, детали о iPhone 15 не были доступны. Ожидается, что он будет включать в себя последние инновации и технологические достижения Apple.", "category": 10, "sale_status": false}}, {"model": "product.product", "pk": 4, "fields": {"title": "Macbook Air", "description": "Ноутбук Apple MacBook Air 13,3\" 2020 M1 16/512GB (Z1240004Q)", "price": "1121.90", "count": 5, "rating": "0.00", "date": "2024-05-31T17:24:37.836Z", "archived": false, "freeDelivery": true, "limited_edition": false, "fullDescription": "Дата выпуска: ноябрь 2020 года.\r\nОсобенности: Первый MacBook Air на базе собственного чипа Apple M1, который значительно улучшил производительность и эффективность энергопотребления по сравнению с предыдущими моделями на Intel. Он также предложил до 18 часов работы батареи, улучшенную графику и возможность запускаать приложения для iOS.", "category": 3, "sale_status": false}}, {"model": "product.product", "pk": 5, "fields": {"title": "Macbook Air M2", "description": "Ноутбук Apple MacBook Air 13.6\", M2 512 GB, 8 core CPU, Midnight", "price": "1389.90", "count": 5, "rating": "5.00", "date": "2024-05-31T17:27:36.252Z", "archived": false, "freeDelivery": true, "limited_edition": false, "fullDescription": "MacBook air с чипом M2 представляет собой обновленную версию популярного ноутбука Apple, оснащенную новым процессором M2, который является вторым поколением чипов серии M от Apple. Этот чип предлагает улучшенные характеристики производительности и энергоэффективности по сравнению с его предшественником M1, включая восьмиядерный процессор и до 10-ядерную графическую подсистему. Модель доступна в четырех цветах: серебристый, космический серый, полночь и звездное светило.", "category": 3, "sale_status": false}}, {"model": "product.product", "pk": 6, "fields": {"title": "Apple iPad", "description": "Планшет Apple iPad 10.9-inch Wi-Fi 64GB Silver 2022", "price": "337.00", "count": 5, "rating": "0.00", "date": "2024-05-31T17:31:01.252Z", "archived": false, "freeDelivery": true, "limited_edition": false, "fullDescription": "Планшет Apple iPad 10.9-inch Wi-Fi 64GB Silver 2022 представляет собой обновленный базовый вариант линейки iPad, который вводит несколько значительных изменений по сравнению с предыдущим поколением.", "category": 11, "sale_status": false}}, {"model": "product.product", "pk": 7, "fields": {"title": "Apple iMac", "description": "Моноблок Apple iMac 24 2021 M1/8Gb/256Gb/M1 7-core серебристый (MGTF3RU/A)", "price": "2121.22", "count": 5, "rating": "0.00", "date": "2024-05-31T17:58:44.910Z", "archived": false, "freeDelivery": true, "limited_edition": false, "fullDescription": "Моноблок Apple iMac 24 2021 с чипом M1 и 7-ядерной графикой представляет собой компьютер нового поколения от Apple.\r\nЭтот моноблок предлагается в различных цветовых вариантах, включая синий, зеленый, розовый, серебристый, желтый, оранжевый и фиолетовый. Он идеально подходит для пользователей, ищущих мощный и элегантно выглядящий компьютер для работы, учебы или развлечений.", "category": 2, "sale_status": false}}, {"model": "product.product", "pk": 8, "fields": {"title": "Apple iMac 2021", "description": "Моноблок Apple iMac 24 2021 M1/8Gb/512Gb/M1 8-core розовый (MGPN3RU/A)", "price": "3347.00", "count": 5, "rating": "0.00", "date": "2024-05-31T18:01:41.416Z", "archived": false, "freeDelivery": true, "limited_edition": false, "fullDescription": "Моноблок Apple iMac 24 2021 года выпуска с чипом M1 и 8-ядерной графикой представляет собой высокопроизводительный компьютер.\r\nЭтот моноблок доступен в нескольких цветовых вариантах, включая синий, зеленый, розовый, серебристый, желтый, оранжевый и фиолетовый. Он идеально подходит для пользователей, ищущих мощный и стильный компьютер для выполнения задач, связанных с работой, обучением или отдыхом.", "category": 2, "sale_status": false}}, {"model": "product.product", "pk": 9, "fields": {"title": "AirPods Max", "description": "Беспроводные наушники Apple AirPods Max (Голубое небо)", "price": "327.00", "count": 5, "rating": "0.00", "date": "2024-05-31T18:05:07.457Z", "archived": false, "freeDelivery": true, "limited_edition": false, "fullDescription": "Беспроводные наушники Apple AirPods Max \"Голубое небо\" представляют собой высококачественные гарнитуры для прослушивания музыки и видео, разработанные компанией Apple. \r\nAirPods Max являются идеальным выбором для любителей качества звука, ищущих комфортные и стильные гарнитуры для ежедневного использования.", "category": 8, "sale_status": false}}, {"model": "product.product", "pk": 10, "fields": {"title": "Apple AirPods Pro 2", "description": "Наушники Apple AirPods Pro 2 MagSafe Case USB type-c, 1987656", "price": "116.00", "count": 5, "rating": "0.00", "date": "2024-06-01T11:33:13.119Z", "archived": false, "freeDelivery": true, "limited_edition": false, "fullDescription": "Наушники Apple AirPods Pro 2 с MagSafe Charging Case (USB-C) представляют собой улучшенную версию популярных наушников AirPods Pro.\r\nЭти наушники идеально подходят для тех, кто ценит качество звука, удобство использования и экологическую устойчивость в своем оборудовании для прослушивания музыки и видео.", "category": 8, "sale_status": false}}, {"model": "product.product", "pk": 11, "fields": {"title": "Apple Watch 9", "description": "Смарт-часы Apple Watch Series 9 41 мм сияющая звезда M/L, спортивный ремешок", "price": "402.00", "count": 5, "rating": "0.00", "date": "2024-06-01T11:37:43.320Z", "archived": false, "freeDelivery": true, "limited_edition": false, "fullDescription": "Смарт-часы Apple Watch Series 9 41 мм с дизайном \"Сияющая звезда\" в размере M/L с спортивным ремешком представляют собой продвинутые устройства для здоровья и спорта.\r\nЭти смарт-часы идеально подходят для тех, кто стремится сочетать стиль, функциональность и заботу о здоровье и благополучии.", "category": 9, "sale_status": false}}, {"model": "product.product", "pk": 12, "fields": {"title": "Apple Watch SE 2023", "description": "Смарт-часы Apple Watch SE 2023 GPS 40mm Midnight Case with Midnight Sport Band M/L", "price": "212.00", "count": 5, "rating": "0.00", "date": "2024-06-01T11:40:28.149Z", "archived": false, "freeDelivery": true, "limited_edition": false, "fullDescription": "Смарт-часы Apple Watch SE 2023 года выпуска с GPS и 40-миллиметровым корпусом в цвете \"Полночь\", оснащенные спортивным ремешком \"Полночь\" размера M/L.\r\nЭти смарт-часы идеально подходят для тех, кто ищет надежное и функциональное решение для отслеживания здоровья и активности, а также для общения и развлечений.", "category": 9, "sale_status": false}}, {"model": "product.product", "pk": 13, "fields": {"title": "Apple Watch Ultra", "description": "Смарт-часы Apple Watch Ultra 49mm Titanium Orange Alpine Large", "price": "756.00", "count": 5, "rating": "2.00", "date": "2024-06-01T11:42:58.028Z", "archived": false, "freeDelivery": true, "limited_edition": false, "fullDescription": "Смарт-часы Apple Watch Ultra 49 мм с корпусом из титана в оранжево-бежевом цвете и крупным ремешком \"Альпийский\" представляют собой топовую модель в линейке Apple Watch.\r\nЭти смарт-часы идеально подходят для активных людей, которым нужны не только функции здоровья и спорта, но и высокая производительность, прочность и стиль.", "category": 9, "sale_status": false}}, {"model": "product.product", "pk": 14, "fields": {"title": "Apple Vision Pro 1TB", "description": "Очки виртуальной реальности Apple Vision Pro 1TB", "price": "5556.00", "count": 2, "rating": "0.00", "date": "2024-06-01T11:46:56.480Z", "archived": false, "freeDelivery": true, "limited_edition": false, "fullDescription": "Очки виртуальной реальности Apple Vision Pro с емкостью 1TB представляют собой революционный продукт, предлагающий уникальные возможности для развлечений и интерактивного взаимодействия.\r\nApple Vision Pro предлагает уникальные возможности для погружения в виртуальную реальность, улучшая опыт просмотра фильмов, игр и обучения, благодаря своим передовым технологиям и инновационному дизайну.", "category": 12, "sale_status": false}}, {"model": "product.product", "pk": 15, "fields": {"title": "Wi-Fi Apple Time Capsule", "description": "Wi-Fi роутер Time Capsule Apple Airport Time Capsule 2TB (ME177RU/A)", "price": "437.00", "count": 5, "rating": "0.00", "date": "2024-06-01T11:57:26.677Z", "archived": false, "freeDelivery": true, "limited_edition": false, "fullDescription": "Wi-Fi роутер Time Capsule Apple Airport Time Capsule 2TB (ME177RU/A) представляет собой устройство, совмещающее функции сетевого маршрутизатора и сетевого накопителя (NAS).\r\nTime Capsule Apple Airport Time Capsule 2TB (ME177RU/A) является идеальным решением для пользователей Mac, желающих иметь централизованное место для хранения и резервного копирования своих данных, а также для обеспечения надежного Wi-Fi соединения в домашних сетях.", "category": 7, "sale_status": false}}, {"model": "product.product", "pk": 16, "fields": {"title": "set-top box Apple Apple TV", "description": "Телевизионная приставка Apple MXGY2RS/A Black", "price": "222.00", "count": 5, "rating": "0.00", "date": "2024-06-01T12:02:20.338Z", "archived": false, "freeDelivery": true, "limited_edition": false, "fullDescription": "Телевизионная приставка Apple TV 4K с кодом продукта ME177RU/A представляет собой устройство для трансляции контента в высоком качестве 4K. \r\nApple TV 4K предлагает пользователям высококачественное просмотрение контента в 4K, поддержку различных форматов и услуг, а также удобство управления благодаря интеграции с Siri и другими функциями.", "category": 7, "sale_status": false}}, {"model": "product.product", "pk": 17, "fields": {"title": "TV Sony KD UHD 4K", "description": "Телевизор Sony KD-65X85L, 65\"(165 см), UHD 4K", "price": "2100.00", "count": 5, "rating": "2.00", "date": "2024-06-01T12:07:56.605Z", "archived": false, "freeDelivery": true, "limited_edition": false, "fullDescription": "Телевизор Sony KD-65X85L, 65-дюймовый UHD 4K, представляет собой устройство среднего уровня с несколькими заметными особенностями и недостатками. \r\nТелевизор Sony KD-65X85L предлагает хорошее качество изображения и поддержку HDR, но его узкий угол обзора и отсутствие локального затемнения могут быть недостатками для некоторых пользователей.", "category": 13, "sale_status": false}}, {"model": "product.product", "pk": 18, "fields": {"title": "Sony PlayStation 5 White", "description": "Приставка игровая Sony PlayStation 5 Blu-Ray CFI-1218A, 825Gb, White", "price": "637.00", "count": 5, "rating": "5.00", "date": "2024-06-01T12:12:20.328Z", "archived": false, "freeDelivery": true, "limited_edition": false, "fullDescription": "Приставка игровая Sony PlayStation 5 Blu-Ray CFI-1218A, 825Gb, белого цвета, представляет собой мощное игровое устройство нового поколения с рядом впечатляющих характеристик.\r\nSony PlayStation 5 Blu-Ray CFI-1218A предлагает пользователям мощную игровую систему с поддержкой 4K и 8K графики, высокоскоростным SSD для быстрой загрузки игр и приложений, а также продвинутые звуковые технологии для погружающего игрового опыта.", "category": 12, "sale_status": false}}, {"model": "product.product", "pk": 19, "fields": {"title": "HYPERPC Cyber", "description": "Игровой компьютер HYPERPC Cyber", "price": "1537.00", "count": 5, "rating": "0.00", "date": "2024-06-01T12:17:53.432Z", "archived": false, "freeDelivery": true, "limited_edition": true, "fullDescription": "Игровой компьютер HYPERPC Cyber представляет собой мощное и роскошное решение для геймеров, сочетающее в себе агрессивный дизайн и высокую производительность.\r\nHYPERPC Cyber позиционируется как абсолютный фаворит среди игровых компьютеров, предлагая не только впечатляющие технические характеристики, но и уникальный дизайн, который удовлетворяет потребности и желания самых требовательных геймеров.", "category": 2, "sale_status": false}}, {"model": "product.productimage", "pk": 1, "fields": {"name": "iphone 13", "product": 1, "image": "products/product_1/iphone13.webp"}}, {"model": "product.productimage", "pk": 2, "fields": {"name": "iphone 13", "product": 1, "image": "products/product_1/iphone13_1.webp"}}, {"model": "product.productimage", "pk": 3, "fields": {"name": "iphone 13", "product": 1, "image": "products/product_1/iphone13_2.webp"}}, {"model": "product.productimage", "pk": 4, "fields": {"name": "iphone 13", "product": 1, "image": "products/product_1/iphone13_3.webp"}}, {"model": "product.productimage", "pk": 5, "fields": {"name": "iphone 14", "product": 2, "image": "products/product_2/iphone14.webp"}}, {"model": "product.productimage", "pk": 6, "fields": {"name": "iphone 14", "product": 2, "image": "products/product_2/iphone14_1.webp"}}, {"model": "product.productimage", "pk": 7, "fields": {"name": "iphone 14", "product": 2, "image": "products/product_2/iphone14_2.webp"}}, {"model": "product.productimage", "pk": 8, "fields": {"name": "iphone 15", "product": 3, "image": "products/product_3/iphone15.webp"}}, {"model": "product.productimage", "pk": 9, "fields": {"name": "iphone 15", "product": 3, "image": "products/product_3/iphone15_1.webp"}}, {"model": "product.productimage", "pk": 10, "fields": {"name": "iphone 15", "product": 3, "image": "products/product_3/iphone15_2.webp"}}, {"model": "product.productimage", "pk": 11, "fields": {"name": "macbook", "product": 4, "image": "products/product_4/macbook.webp"}}, {"model": "product.productimage", "pk": 12, "fields": {"name": "macbook", "product": 4, "image": "products/product_4/macbook1.webp"}}, {"model": "product.productimage", "pk": 13, "fields": {"name": "macbook", "product": 4, "image": "products/product_4/macbook2.webp"}}, {"model": "product.productimage", "pk": 14, "fields": {"name": "macbook", "product": 4, "image": "products/product_4/macbook3.webp"}}, {"model": "product.productimage", "pk": 15, "fields": {"name": "macbook", "product": 5, "image": "products/product_5/macbookm2.webp"}}, {"model": "product.productimage", "pk": 16, "fields": {"name": "macbook", "product": 5, "image": "products/product_5/macbookm2_1.webp"}}, {"model": "product.productimage", "pk": 17, "fields": {"name": "macbook", "product": 5, "image": "products/product_5/macbookm2_2.webp"}}, {"model": "product.productimage", "pk": 18, "fields": {"name": "macbook", "product": 5, "image": "products/product_5/macbookm2_3.webp"}}, {"model": "product.productimage", "pk": 19, "fields": {"name": "ipad", "product": 6, "image": "products/product_6/ipad.webp"}}, {"model": "product.productimage", "pk": 20, "fields": {"name": "ipad", "product": 6, "image": "products/product_6/ipad1.webp"}}, {"model": "product.productimage", "pk": 21, "fields": {"name": "ipad", "product": 6, "image": "products/product_6/ipad2.webp"}}, {"model": "product.productimage", "pk": 22, "fields": {"name": "ipad", "product": 6, "image": "products/product_6/ipad3.webp"}}, {"model": "product.productimage", "pk": 23, "fields": {"name": "ipad", "product": 6, "image": "products/product_6/ipad4.webp"}}, {"model": "product.productimage", "pk": 24, "fields": {"name": "imac", "product": 7, "image": "products/product_7/imac.webp"}}, {"model": "product.productimage", "pk": 25, "fields": {"name": "imac", "product": 7, "image": "products/product_7/imac1.webp"}}, {"model": "product.productimage", "pk": 26, "fields": {"name": "imac", "product": 7, "image": "products/product_7/imac2.webp"}}, {"model": "product.productimage", "pk": 27, "fields": {"name": "imac", "product": 7, "image": "products/product_7/imac3.webp"}}, {"model": "product.productimage", "pk": 28, "fields": {"name": "imac", "product": 8, "image": "products/product_8/imac24.webp"}}, {"model": "product.productimage", "pk": 29, "fields": {"name": "imac", "product": 8, "image": "products/product_8/imac24_1.webp"}}, {"model": "product.productimage", "pk": 30, "fields": {"name": "imac", "product": 8, "image": "products/product_8/imac24_2.webp"}}, {"model": "product.productimage", "pk": 31, "fields": {"name": "imac", "product": 8, "image": "products/product_8/imac24_3.webp"}}, {"model": "product.productimage", "pk": 32, "fields": {"name": "airmax", "product": 9, "image": "products/product_9/aimax.webp"}}, {"model": "product.productimage", "pk": 33, "fields": {"name": "airmax", "product": 9, "image": "products/product_9/aimax1.webp"}}, {"model": "product.productimage", "pk": 34, "fields": {"name": "airmax", "product": 9, "image": "products/product_9/aimax2.webp"}}, {"model": "product.productimage", "pk": 35, "fields": {"name": "airman", "product": 9, "image": "products/product_9/aimax3.webp"}}, {"model": "product.productimage", "pk": 36, "fields": {"name": "AirPods Pro", "product": 10, "image": "products/product_10/1.webp"}}, {"model": "product.productimage", "pk": 37, "fields": {"name": "AirPods Pro", "product": 10, "image": "products/product_10/2.webp"}}, {"model": "product.productimage", "pk": 38, "fields": {"name": "AirPods Pro", "product": 10, "image": "products/product_10/3.webp"}}, {"model": "product.productimage", "pk": 39, "fields": {"name": "AirPods Pro", "product": 10, "image": "products/product_10/4.webp"}}, {"model": "product.productimage", "pk": 40, "fields": {"name": "AirPods Pro", "product": 10, "image": "products/product_10/5.webp"}}, {"model": "product.productimage", "pk": 41, "fields": {"name": "AirPods Pro", "product": 10, "image": "products/product_10/6.webp"}}, {"model": "product.productimage", "pk": 42, "fields": {"name": "AirPods Pro", "product": 10, "image": "products/product_10/7.webp"}}, {"model": "product.productimage", "pk": 43, "fields": {"name": "AppleWatch9", "product": 11, "image": "products/product_11/AppleWatch9.webp"}}, {"model": "product.productimage", "pk": 44, "fields": {"name": "AppleWatch9", "product": 11, "image": "products/product_11/AppleWatch9_1.webp"}}, {"model": "product.productimage", "pk": 45, "fields": {"name": "AppleWatch9", "product": 11, "image": "products/product_11/AppleWatch9_2.webp"}}, {"model": "product.productimage", "pk": 46, "fields": {"name": "Apple Watch SE 2023", "product": 12, "image": "products/product_12/Apple_Watch_SE_2023.webp"}}, {"model": "product.productimage", "pk": 47, "fields": {"name": "Apple Watch SE 2023", "product": 12, "image": "products/product_12/Apple_Watch_SE_2023_1.webp"}}, {"model": "product.productimage", "pk": 48, "fields": {"name": "Apple Watch SE 2023", "product": 12, "image": "products/product_12/Apple_Watch_SE_2023_2.webp"}}, {"model": "product.productimage", "pk": 49, "fields": {"name": "Apple Watch Ultra", "product": 13, "image": "products/product_13/Apple_Watch_Ultra.webp"}}, {"model": "product.productimage", "pk": 50, "fields": {"name": "Apple Watch Ultra", "product": 13, "image": "products/product_13/Apple_Watch_Ultra_1.webp"}}, {"model": "product.productimage", "pk": 51, "fields": {"name": "Apple Watch Ultra", "product": 13, "image": "products/product_13/Apple_Watch_Ultra_2.webp"}}, {"model": "product.productimage", "pk": 52, "fields": {"name": "Apple Watch Ultra", "product": 13, "image": "products/product_13/Apple_Watch_Ultra_3.webp"}}, {"model": "product.productimage", "pk": 53, "fields": {"name": "Apple Watch Ultra", "product": 13, "image": "products/product_13/Apple_Watch_Ultra_4.webp"}}, {"model": "product.productimage", "pk": 54, "fields": {"name": "Apple Watch Ultra", "product": 13, "image": "products/product_13/Apple_Watch_Ultra_5.webp"}}, {"model": "product.productimage", "pk": 55, "fields": {"name": "Apple Vision Pro 1TB", "product": 14, "image": "products/product_14/Apple_Vision_Pro_1TB.webp"}}, {"model": "product.productimage", "pk": 56, "fields": {"name": "Apple Vision Pro 1TB", "product": 14, "image": "products/product_14/Apple_Vision_Pro_1TB_1.webp"}}, {"model": "product.productimage", "pk": 57, "fields": {"name": "Apple Vision Pro 1TB", "product": 14, "image": "products/product_14/Apple_Vision_Pro_1TB_2.webp"}}, {"model": "product.productimage", "pk": 58, "fields": {"name": "Apple Vision Pro 1TB", "product": 14, "image": "products/product_14/Apple_Vision_Pro_1TB_3.webp"}}, {"model": "product.productimage", "pk": 59, "fields": {"name": "Apple Vision Pro 1TB", "product": 14, "image": "products/product_14/Apple_Vision_Pro_1TB_4.webp"}}, {"model": "product.productimage", "pk": 60, "fields": {"name": "Apple Vision Pro 1TB", "product": 14, "image": "products/product_14/Apple_Vision_Pro_1TB_5.webp"}}, {"model": "product.productimage", "pk": 61, "fields": {"name": "Apple Vision Pro 1TB", "product": 14, "image": "products/product_14/Apple_Vision_Pro_1TB_6.webp"}}, {"model": "product.productimage", "pk": 62, "fields": {"name": "Wi-Fi Apple Time Capsule", "product": 15, "image": "products/product_15/Wi-Fi_Apple_Time_Capsule.jpeg"}}, {"model": "product.productimage", "pk": 63, "fields": {"name": "Wi-Fi Apple Time Capsule", "product": 15, "image": "products/product_15/Wi-Fi_Apple_Time_Capsule_1.jpeg"}}, {"model": "product.productimage", "pk": 64, "fields": {"name": "Wi-Fi Apple Time Capsule", "product": 15, "image": "products/product_15/Wi-Fi_Apple_Time_Capsule2.jpeg"}}, {"model": "product.productimage", "pk": 65, "fields": {"name": "Wi-Fi Apple Time Capsule", "product": 15, "image": "products/product_15/Wi-Fi_Apple_Time_Capsule3.jpeg"}}, {"model": "product.productimage", "pk": 66, "fields": {"name": "set-top box Apple Apple TV", "product": 16, "image": "products/product_16/set-top_box_Apple_Apple_TV_1.webp"}}, {"model": "product.productimage", "pk": 67, "fields": {"name": "set-top box Apple Apple TV", "product": 16, "image": "products/product_16/set-top_box_Apple_Apple_TV_.webp"}}, {"model": "product.productimage", "pk": 68, "fields": {"name": "set-top box Apple Apple TV", "product": 16, "image": "products/product_16/set-top_box_Apple_Apple_TV_2.webp"}}, {"model": "product.productimage", "pk": 69, "fields": {"name": "set-top box Apple Apple TV", "product": 16, "image": "products/product_16/set-top_box_Apple_Apple_TV_4.webp"}}, {"model": "product.productimage", "pk": 70, "fields": {"name": "set-top box Apple Apple TV", "product": 16, "image": "products/product_16/set-top_box_Apple_Apple_TV_5.webp"}}, {"model": "product.productimage", "pk": 71, "fields": {"name": "TV Sony KD UHD 4K", "product": 17, "image": "products/product_17/TV_Sony_KD_UHD_4K.webp"}}, {"model": "product.productimage", "pk": 72, "fields": {"name": "TV Sony KD UHD 4K", "product": 17, "image": "products/product_17/TV_Sony_KD_UHD_4K1.webp"}}, {"model": "product.productimage", "pk": 73, "fields": {"name": "TV Sony KD UHD 4K", "product": 17, "image": "products/product_17/TV_Sony_KD_UHD_4K2.webp"}}, {"model": "product.productimage", "pk": 74, "fields": {"name": "TV Sony KD UHD 4K", "product": 17, "image": "products/product_17/TV_Sony_KD_UHD_4K3.webp"}}, {"model": "product.productimage", "pk": 75, "fields": {"name": "TV Sony KD UHD 4K", "product": 17, "image": "products/product_17/TV_Sony_KD_UHD_4K5.webp"}}, {"model": "product.productimage", "pk": 76, "fields": {"name": "Sony PlayStation 5 White", "product": 18, "image": "products/product_18/Sony_PlayStation_5_White.webp"}}, {"model": "product.productimage", "pk": 77, "fields": {"name": "Sony PlayStation 5 White", "product": 18, "image": "products/product_18/Sony_PlayStation_5_White1.webp"}}, {"model": "product.productimage", "pk": 78, "fields": {"name": "Sony PlayStation 5 White", "product": 18, "image": "products/product_18/Sony_PlayStation_5_White2.webp"}}, {"model": "product.productimage", "pk": 79, "fields": {"name": "Sony PlayStation 5 White", "product": 18, "image": "products/product_18/Sony_PlayStation_5_White3.webp"}}, {"model": "product.productimage", "pk": 80, "fields": {"name": "HYPERPC Cyber", "product": 19, "image": "products/product_19/HYPERPC_Cyber_.webp"}}, {"model": "product.tag", "pk": 1, "fields": {"name": "Phone", "tags": [1, 2, 3]}}, {"model": "product.tag", "pk": 2, "fields": {"name": "MacBook", "tags": [4, 5]}}, {"model": "product.tag", "pk": 3, "fields": {"name": "watches", "tags": [11, 12, 13]}}, {"model": "product.tag", "pk": 4, "fields": {"name": "PS5", "tags": [18]}}, {"model": "product.productspecification", "pk": 1, "fields": {"product": 1, "name": "спецификация", "value": "1"}}, {"model": "product.productspecification", "pk": 2, "fields": {"product": 2, "name": "спецификация", "value": "2"}}, {"model": "product.productspecification", "pk": 3, "fields": {"product": 3, "name": "спецификация", "value": "3"}}, {"model": "product.productspecification", "pk": 4, "fields": {"product": 4, "name": "спецификация", "value": "4"}}, {"model": "product.productspecification", "pk": 5, "fields": {"product": 5, "name": "спецификация", "value": "5"}}, {"model": "product.productspecification", "pk": 6, "fields": {"product": 6, "name": "спецификация", "value": "6"}}, {"model": "product.productspecification", "pk": 7, "fields": {"product": 7, "name": "спецификация", "value": "7"}}, {"model": "product.productspecification", "pk": 8, "fields": {"product": 8, "name": "спецификация", "value": "8"}}, {"model": "product.productspecification", "pk": 9, "fields": {"product": 9, "name": "спецификация", "value": "9"}}, {"model": "product.productspecification", "pk": 10, "fields": {"product": 10, "name": "спецификация", "value": "10"}}, {"model": "product.productspecification", "pk": 11, "fields": {"product": 11, "name": "спецификация", "value": "11"}}, {"model": "product.productspecification", "pk": 12, "fields": {"product": 12, "name": "спецификация", "value": "12"}}, {"model": "product.productspecification", "pk": 13, "fields": {"product": 13, "name": "спецификация", "value": "13"}}, {"model": "product.productspecification", "pk": 14, "fields": {"product": 14, "name": "спецификация", "value": "14"}}, {"model": "product.productspecification", "pk": 15, "fields": {"product": 15, "name": "спецификация", "value": "15"}}, {"model": "product.productspecification", "pk": 16, "fields": {"product": 16, "name": "спецификация", "value": "16"}}, {"model": "product.productspecification", "pk": 17, "fields": {"product": 17, "name": "спецификация", "value": "17"}}, {"model": "product.productspecification", "pk": 18, "fields": {"product": 18, "name": "спецификация", "value": "18"}}, {"model": "product.productspecification", "pk": 19, "fields": {"product": 19, "name": "спецификация", "value": "19"}}, {"model": "product.review", "pk": 1, "fields": {"author": "author", "email": "z@mail.ru", "text": "text", "rate": 5, "date": "2024-06-01T15:47:56.176Z", "product": 1}}, {"model": "product.review", "pk": 2, "fields": {"author": "author", "email": "22", "text": "text", "rate": 5, "date": "2024-06-01T15:49:16.362Z", "product": 5}}, {"model": "product.review", "pk": 3, "fields": {"author": "1", "email": "", "text": "a", "rate": 5, "date": "2024-06-01T15:58:30.357Z", "product": 18}}, {"model": "product.sale", "pk": 1, "fields": {"product": 5, "salePrice": "879.00", "dateFrom": "2024-06-03", "dateTo": "2024-06-30"}}, {"model": "product.sale", "pk": 2, "fields": {"product": 13, "salePrice": "659.12", "dateFrom": "2024-06-03", "dateTo": "2024-06-30"}}, {"model": "product.sale", "pk": 3, "fields": {"product": 18, "salePrice": "487.15", "dateFrom": "2024-06-03", "dateTo": "2024-06-30"}}]